Localizadores do Órgão;;Data geração: 17/12/2025 17:46:06;;Total Localizadores Listados: 513;
Localizador;Nome do Localizador;Descrição do Localizador;Localizador Sistema;Data inclusão;Total de processos
#LLH(2.1)-DESP CONF;Despacho - conferir;;Não;11/03/2025 10:44:21;0
#LLH(2.1)_Fazer Desp./Voto;Desp./Voto a fazer_Dr. Flores;Desp./Voto a fazer_Dr. Flores;Não;11/03/2025 10:46:11;0
#LLH(2.1)_MS(INICIAL);MS_INICIAL;Inicial Mandado de Segurança;Não;11/03/2025 10:44:39;0
#LLH(2.1)_RMC(INICIAL);Recurso de Medida Cautelar;;Não;11/03/2025 10:44:56;0
#LLH(2.1)_RMC(VOTO);#LLH(2.1)_RMC(VOTO);#LLH(2.1)_RMC(VOTO);Não;23/06/2025 16:34:26;0
#LLH(2.1)_VOTO A CONFERIR;VOTO A CONFERIR;Voto a ser conferido pelo Relator. Pautas Futuras;Não;11/03/2025 10:43:55;0
2.1;02TR-GAB1;2ª Turma Recursal 1º Gabinete;Não;16/05/2018 12:59:47;0
2.2 Ag. junt man/ofi;2.2 - Ag. junt. mandado/ofício;"Aguardando juntada de mandado/ofício para iniciar prazo de resposta, quando então acontecerá a mudança de localizar para ""2.2 prazo"".";Não;23/08/2018 09:29:10;0
2.2 Ap. Especial/ATC;2.2 Ap. Especial/ATC;"Recursos para minutar cujo pedido autoral seja a concessão de aposentadoria especial; aposentadoria por tempo de contribuição, com ou sem tempos especiais de serviço.";Não;05/12/2018 08:48:12;0
2.2 Ap. Idade urbana;2.2 Ap. Idade urbana;Recursos para minutar cujo pedido autoral seja a concessão de aposentadoria por idade urbana.;Não;05/12/2018 09:02:55;0
2.2 Ap. Rural;2.2 Ap. Rural;Recursos para minutar cujo pedido autoral seja a concessão de aposentadoria por idade rural (segurado especial).;Não;05/12/2018 09:04:14;0
2.2 ass.após RECESSO;2.2 assinar após RECESSO;;Não;15/12/2021 14:13:26;0
2.2 aux-doença-Apin;2.2 aux-doença-Apin;Recursos para minutar cujo pedido autoral seja a concessão/restabelecimento/atrasados de auxílio-doença e/ou aposentadoria por invalidez.;Não;05/12/2018 08:56:36;0
2.2 BAIXADOS;2.2 BAIXADOS;;Não;18/10/2018 14:33:14;0
2.2 casos simples;2.2 casos simples;;Não;17/02/2021 18:07:00;0
2.2 Cautelares/MS/CC;2.2 Cautelares/MS/CC;Recursos Cautelares / Ações originárias / Conflitos de Competência para minutar.;Não;05/12/2018 08:53:04;0
2.2 Despac-Erro_seq.;2.2 Despacho-Erro de sequenc.;;Não;12/08/2019 17:31:13;0
2.2 DMR tema 1.102/STF;DMR tema 1.102/STF;;Não;15/10/2025 17:41:15;0
2.2 DMRs CONFERIDAS;2.2 DMRs CONFERIDAS;Localizador para identificar as DMRs já conferidas pela Dra. e prontas para serem assinadas NO DIA DA SESSÃO.;Não;27/09/2018 09:17:34;0
2.2 En. 72 aux/apin;2.2 ENUNCIADO 72 / AUX-APIN;Casos de inconformismo com o laudo (somente auxílio-doença e aposentadoria por invalidez).;Não;18/10/2021 09:12:40;0
2.2 IMPEDIMENTO - Inclusão Pauta;2.2 Inclusão Pauta IMPEDIMENTO;;Não;10/09/2024 12:22:42;0
2.2 IMPEDIMENTO DMRs;2.2 DMRs conferidas IMPEDIMENTO;;Não;10/09/2024 12:21:23;0
2.2 INCLUSÃO AUTOR;2.2 INCLUSÃO VOTO PRO SEGURADO;;Não;12/04/2023 17:35:17;0
2.2 INCLUSÃO MESA;2.2 PRONTO PARA INCLUSÃO MESA;;Não;08/10/2021 08:24:02;0
2.2 INCLUSÃO PAUTA;2.2 PRONTO PARA INCLUSÃO PAUTA;Processos já minutados e revisados. Apenas aguardando a data oportuna para a inclusão em pauta de julgamento.;Não;19/10/2019 07:56:44;0
2.2 JUIZ TABELAR;2.2 JUIZ TABELAR;;Não;18/07/2019 18:24:19;0
2.2 LOAS;2.2 LOAS;Recursos para minutar cujo pedido autoral seja a concessão de Benefício de Prestação Continuada previsto na Lei Orgânica da Assistência Social (LOAS).;Não;05/12/2018 09:01:32;0
2.2 Mesa André;2.2 - Mesa André (NQO);;Não;23/08/2018 09:34:35;0
2.2 Mesa Carina;2.2 - Mesa Carina (CXV);;Não;13/12/2023 18:58:52;0
2.2 Mesa Dra. Cleyde;2.2 Mesa Dra. Cleyde;Processos da 02TR-GAB2 prontos para assinatura de despacho/decisão;Não;19/06/2018 10:08:46;0
2.2 Mesa Eliane;2.2 Mesa Eliane;;Não;09/12/2024 12:12:56;0
2.2 Mesa Luís (L42);2.2 Mesa Luís Otávio (estagiário);;Não;03/06/2025 15:10:39;0
2.2 Mesa Roberto;2.2 - Mesa Roberto (OO8);;Não;18/04/2022 09:54:21;0
2.2 Mesa Vitor;2.2 Mesa Vitor (estagiário);;Não;18/09/2019 12:56:43;0
2.2 mesa Yuri;2.2 mesa Yuri (estagiário);;Não;18/10/2023 14:23:48;0
2.2 minutas p ass.;2.2 minutas p/ assinar;;Não;10/07/2023 17:20:30;0
2.2 Outros Previ;2.2 Outros Previ;"Recursos para minutar cujo pedido autoral seja a concessão de outros benefícios em RGPS, tais como auxílio-reclusão; auxílio-acidente e suplementar; salário-maternidade, etc.";Não;05/12/2018 08:54:50;0
2.2 pauta presencial;2.2 incluir pauta presencial;c/ minutas já cadastradas e revisadas. ;Não;23/09/2022 19:05:39;0
2.2 Pensão (RGPS);2.2 Pensão (RGPS);;Não;17/12/2018 14:16:04;0
2.2 Prazo;2.2 Ag. Decurso de Prazo;;Não;19/09/2018 16:59:19;0
2.2 PRIORIDADE;2.2 INCLUSÃO com Prioridade;Processos com pedidos de prioridade - minutas já cadastradas e revisadas;Não;23/09/2022 19:03:37;0
2.2 Retirados 14/12;Retirados pauta 14/12;Processos retirados da pauta virtual comum de 14/12/2021;Não;13/12/2021 15:51:03;0
2.2 Retirados 14/12v;Retirados 14/12 videoconf.;Processos retirados da pauta de videoconferência de 14/12/2021;Não;13/12/2021 15:52:39;0
2.2 Revisão;2.2 Revisão;Recursos para minutar cujo pedido autoral seja a revisão de benefício, seja de RMI ou RMB, à exceção de contagem de tempos especiais.;Não;05/12/2018 09:00:13;0
2.2 Seguro-desempreg;2.2 Seguro-desemprego;Processos sobre seguro-desemprego, com declínio de competência de Turmas Cíveis - suscitar conflito;Não;23/07/2019 12:34:49;0
2.2 SUSPENSOS;2.2 SUSPENSOS;;Não;01/12/2018 07:05:57;0
2.2 tema 1.031/STJ;tema 1.031/STJ - Suspensos;"Suspensão dos processos envolvendo a especialidade da atividade de vigilante. 
Tema relacionado: 1.209/STF.";Não;07/05/2022 11:05:56;0
2.2 tema 1.070/STJ;1.070/STJ - Suspensos;"""Possibilidade, ou não, de sempre se somar as contribuições previdenciárias para integrar o salário-de-contribuição, nos casos de atividades concomitantes (artigo 32 da Lei n. 8.213/91), após o advento da Lei 9.876/99, que extinguiu as escalas de salário-";Não;07/05/2022 11:06:11;0
2.2 tema 1.083/STJ;tema 1.083/STJ - Suspensos;"""Possibilidade de reconhecimento do exercício de atividade sob condições especiais pela exposição ao agente ruído, quando constatados diferentes níveis de efeitos sonoros, considerando-se apenas o nível máximo aferido (critério ""pico de ruído""), a média a";Não;07/05/2022 11:06:28;0
2.2 tema 1.102/STF;tema 1.102/STF - Suspensos;"Suspensão: ""Revisão da Vida Toda"".
(Tema relacionado: 999/STJ)
Possibilidade de revisão de benefício previdenciário mediante a aplicação da regra definitiva do artigo 29, incisos I e II, da Lei nº 8.213/91, quando mais favorável do que a regra de transi";Não;26/06/2023 14:54:51;0
2.2 tema 1.124/STJ;tema 1.124/STJ - Suspensos;"Suspensão
""Definir o termo inicial dos efeitos financeiros dos benefícios previdenciários concedidos ou revisados judicialmente, por meio de prova não submetida ao crivo administrativo do INSS: se a contar da data do requerimento administrativo ou da cit";Não;14/11/2023 12:49:51;0
2.2 tema 1.437/STF - Suspensos;2.2 tema 1.437/STF;Tema 1437 - Inclusão dos valores de auxílio-alimentação pagos antes da Lei nº 13.416/2017 no salário de contribuição, independentemente de recolhimento de contribuição previdenciária.;Não;05/11/2025 18:16:35;0
2.2 tema 170/TNU;2.2 tema 170/TNU;"PUIL nº 1283 pendente de julgamento pelo STJ.

A redação do art. 68, § 4º, do Decreto 3.048/99 dada pelo Decreto 8.123/2013 pode ser aplicada na avaliação de tempo especial de períodos a ele anteriores, incluindo-se, para qualquer período: (1) desnecess";Não;22/06/2022 14:29:22;0
2.2 tema 220/TNU;tema 220/TNU - Suspensos;"Relacionado: PUIL 2266/DF
""Saber se o rol do inciso II do art. 26 c/c art. 151 da Lei nº 8.213/91 é taxativo ou se pode contemplar outras hipóteses de isenção de carência, como a gravidez de alto risco"".";Não;07/05/2022 11:06:44;0
2.2 tema 250/TNU;2.2 tema 250/TNU;PUIL STJ 2391/DF e RE admitido. Saber se o período de aviso prévio indenizado é válido para todos os fins previdenciários, inclusive como tempo de contribuição para obtenção de aposentadoria.;Não;15/08/2022 18:05:53;0
2.2 tema 298/TNU;2.2 tema 298/TNU;"A indicação genérica de exposição a ""hidrocarbonetos"" ou ""óleos e graxas"" é suficiente para caracterizar a atividade como especial?

Tese firmada em 23/06/2022: A partir da vigência do Decreto 2.172/97, a indicação genérica de exposição a ""hidrocarbonet";Não;30/08/2022 12:01:20;0
2.2 tema 317/TNU;2.2 tema 317/TNU;A menção à técnica da dosimetria ou ao dosímetro no PPP é suficiente para se concluir pela observância das determinações da Norma de Higiene Ocupacional (NHO-01) da FUNDACENTRO e/ou da NR-15, nos termos do Tema 174 da TNU?;Não;02/12/2022 10:57:10;0
2.2 tema 318/TNU;2.2 tema 318/TNU;Definir se os benefícios de aposentadoria por incapacidade permanente, sob a vigência da EC nº 103/2019, devem ser concedidos ou revistos, de forma a se afastar a forma de cálculo prevista no art. 26, §2º, III, da EC nº 103/2019, ao argumento de que seria;Não;10/03/2023 14:18:06;0
2.2 tema 692/STJ;tema 692/STJ - Suspensos;"""Proposta de Revisão de Entendimento firmado em tese repetitiva firmada pela Primeira Seção relativa ao Tema 692/STJ, quanto à devolução dos valores recebidos pelo litigante beneficiário do Regime Geral da Previdência Social - RGPS em virtude de decisão j";Não;07/05/2022 11:07:02;0
2.2 VIGILANTES;2.2 VIGILANTES;;Não;30/07/2021 13:34:11;0
2.3  AGT TEMA 1102;2.3  AGT TEMA 1102;;Não;14/02/2025 13:51:02;3
2.3 -  IR sobre auxílio almoço;2.3 -  IR sobre auxílio almoço;2.3 -  IR sobre auxílio almoço;Não;16/10/2024 12:14:15;0
2.3 - Auxílio-Reclusão;2.3 - Auxílio-Reclusão;;Não;13/05/2024 17:20:04;7
2.3 - dezembro 2023;2.3 - dezembro 2023;;Não;04/12/2023 12:22:46;0
2.3 - Dezembro 2024;2.3 - Dezembro 2024;;Não;02/12/2024 12:52:30;1
2.3 - Janeiro 2024;2.3 - Janeiro 2024;;Não;08/01/2024 14:12:24;0
2.3 - novembro 2023;2.3 - novembro 2023;;Não;31/10/2023 11:02:50;3
2.3 - novembro 2024;2.3 - novembro 2024;2.3 - novembro 2024;Não;04/11/2024 11:18:48;3
2.3 - outubro 2023;2.3 - outubro 2023;;Não;29/09/2023 16:55:03;0
2.3 - para conferir;2.3 -para conferir;Minutas para conferir (em geral);Não;22/10/2024 12:16:30;265
2.3 - Tema 1031/STJ;2.3 - Tema 1031/STJ;"TEMA 1031 STJ - Vigilante - especialidade.
Acórdão publicado.";Não;01/12/2025 11:02:42;130
2.3 abril 2024;2.3 abril 2024;2.3 abril 2024;Não;01/04/2024 18:51:34;3
2.3 Abril 2025;2.3 Abril 2025;;Não;31/03/2025 14:09:40;24
2.3 Ag. junt man/ofi;2.3 Ag. junt man/ofi;"Aguardando juntada de mandado/ofício para iniciar prazo de resposta, quando então acontecerá a mudança de localizar para ""2.3 prazo"".
";Não;04/10/2024 18:54:39;0
2.3 Agosto 2024;2.3 Agosto 2024;;Não;05/08/2024 14:52:05;5
2.3 Agosto 2025;2.3 Agosto 2025;;Não;30/07/2025 18:57:03;68
2.3 Agravo contra DMT;Agravo contra DMT;Agravos interpostos contra DMTs;Não;22/01/2025 13:52:16;42
2.3 AGRAVO DECISÃO DENEGATÓRIA RE;2.3 AGRAVO DECISÃO DENEGATÓRIA RE;;Não;13/02/2025 11:49:23;2
2.3 AGRAVO RVT;2.3 AGRAVO RVT;;Não;12/11/2024 12:32:47;1
2.3 Aguardando recebimento;2.3 Aguardando recebimento;Aguarda recebimento do recurso;Não;17/08/2025 14:31:56;540
2.3 Ap. Especial/ATC;2.3 Ap. Especial/ATC;"Recursos para minutar cujo pedido autoral seja a concessão de aposentadoria especial; aposentadoria por tempo de contribuição, com ou sem tempos especiais de serviço.
";Não;04/10/2024 18:55:37;87
2.3 Ap. Idade urbana;2.3 Ap. Idade urbana;"Recursos para minutar cujo pedido autoral seja a concessão de aposentadoria por idade urbana.
";Não;04/10/2024 18:56:24;38
2.3 Ap. Rural;2.3 Ap. Rural;"Recursos para minutar cujo pedido autoral seja a concessão de aposentadoria por idade rural (segurado especial).
";Não;04/10/2024 18:57:24;11
2.3 Aposentadoria;APOSENTADORIA;;Não;19/10/2018 15:51:34;43
2.3 Apreciar Tutela;Apreciar Tutela;Processos com pedido de tutela de urgência para ser apreciado;Não;21/11/2024 21:17:15;0
2.3 Aux-doença-Apin;2.3 Aux-doença-Apin;"Recursos para minutar cujo pedido autoral seja a concessão/restabelecimento/atrasados de auxílio-doença e/ou aposentadoria por invalidez.
";Não;04/10/2024 18:59:46;1
2.3 Auxílio-acidente;2.3 Auxílio-acidente;;Não;10/06/2024 17:05:18;17
2.3 Benefício Incapacidade;Benefícios por Incapacidade;;Não;16/10/2024 08:31:41;104
2.3 Bloco;2.3 Bloco;;Não;07/08/2025 07:34:38;0
2.3 Cautelares/MS/CC;2.3 Cautelares/MS/CC;"Recursos Cautelares / Ações originárias / Conflitos de Competência para minutar.
";Não;04/10/2024 19:01:45;27
2.3 Conclusão a vencer em 3 dias;2.3 Conclusão a vencer em 3 dias;;Não;06/08/2025 14:57:59;0
2.3 Conflito de competência;2.3 Conflito de competência;;Não;13/05/2025 19:01:15;4
2.3 Cumprir TNU;Cumprir TNU;Processos recebidos da TNU para adequar o julgamento aos precedentes da TR, sobre a possibilidade de reafirmação da DER para concessão do melhor benefício, ainda que implementados os requisitos no intervalo entre o fim do requerimento administrativo e ant;Não;21/11/2024 19:11:29;0
2.3 Dano Moral;2.3 Dano Moral;;Não;18/03/2025 18:46:05;9
2.3 Descontos no benefício;2.3 Descontos no benefício;;Não;02/09/2025 18:33:42;1
2.3 Despachar recebimento dos recursos;2.3 Despachar recebimento dos recursos;Localizador destinado a despachar o recebimento dos recursos distribuídos ao Gabinete do 3.º Juiz Relator;Não;19/08/2025 17:19:27;0
2.3 Dezembro 2025;2.3 Dezembro 2025;;Não;02/12/2025 18:31:25;18
2.3 DMRs CONFERIDAS;2.3 DMRs CONFERIDAS;Localizador para identificar as DMRs já conferidas pelo Dr. Rafael e prontas para serem assinadas NO DIA DA SESSÃO.;Não;04/10/2024 19:05:55;0
2.3 Embargos de Declaração;2.3 Embargos de Declaração;;Não;28/10/2024 12:19:15;49
2.3 Fevereiro 2024;2.3 Fevereiro 2024;;Não;01/02/2024 16:43:47;3
2.3 fevereiro 2025;2.3 fevereiro 2025;2.3 fevereiro 2025;Não;28/01/2025 22:45:44;9
2.3 GAB03-TR02;2.3 GAB3TR02 -  PETIÇÃO INICIAL;PETIÇÃO INICIAL PROCESSOS NOVOS;Não;08/04/2025 15:04:48;467
2.3 GAB3TR02 - Parados + 120 e - 150 DIAS;2.3 GAB3TR02 - Parados + 120 e - 150 DIAS;Processos parados a mais de 120 dias e menos de 150 dias.;Não;09/04/2025 11:55:47;3
2.3 GAB3TR02 - Parados + 150 dias;2.3 GAB3TR02 - Parados + 150 dias;Processos parados a mais de 150 dias.;Não;09/04/2025 11:56:30;11
2.3 GAB3TR02 - Parados + 30 e - 60 DIAS;2.3 GAB3TR02 - Parados + 30 e - 60 DIAS;Processos parados a +30 dias e menos de 60;Não;09/04/2025 11:52:43;0
2.3 GAB3TR02 - Parados + 60 e - 90 DIAS;2.3 GAB3TR02 - Parados + 60 e - 90 DIAS;Processos parados a mais de 60 dias e menos de 90 dias.;Não;09/04/2025 11:54:03;0
2.3 GAB3TR02 - Parados + 90 e - 120 DIAS;2.3 GAB3TR02 - Parados + 90 e - 120 DIAS;Processos parados a mais de 90 dias e menos de 120 dias. ;Não;09/04/2025 11:54:56;15
2.3 GAB3TR02 - Parados - 30 DIAS;2.3 GAB3TR02 - Parados - 30 DIAS;Processos parados a menos de 30 dias.;Não;09/04/2025 11:50:59;0
2.3 Idoso paralisado há mais de 150 dias;2.3 Idoso paralisado há mais de 150 dias;Processos de idoso paralisados há mais de 150 dias. ;Não;04/06/2025 17:16:56;92
2.3 IMPEDIMENTO - Inclusão Pauta;2.3 IMPEDIMENTO - Inclusão Pauta;;Não;04/10/2024 19:07:15;0
2.3 Impedimento Dr. Rafael;2.3 Impedimento Dr. Rafael;Processos sentenciados e originários da Vara Federal de Barra do Piraí - RJ;Não;11/09/2024 09:10:27;2
2.3 INSS REVISÃO DIV;2.3 INSS  REVISÃO - DIVERSOS;;Não;11/12/2018 20:39:46;6
2.3 Janeiro 2025;2.3 Janeiro 2025;;Não;09/01/2025 13:09:46;4
2.3 JUIZ TABELAR;2.3 JUIZ TABELAR;;Não;04/10/2024 19:10:00;0
2.3 Juízo de Retratação;2.3 Juízo de Retratação;Aguarda análise sobre juízo de retratação;Não;03/10/2024 08:28:38;6
2.3 Julho 2024;2.3 Julho 2024;;Não;01/07/2024 15:39:43;5
2.3 Julho 2025;2.3 Julho 2025;;Não;01/07/2025 19:02:00;83
2.3 junho 2024;2.3 junho 2024;;Não;04/06/2024 15:07:04;5
2.3 Junho 2025;2.3 Junho 2025;Processos distribuídos em junho de 2025.;Não;06/06/2025 14:23:36;80
2.3 Levantar suspensão processos;2.3 Levantar suspensão processos;;Não;22/09/2025 17:03:24;1
2.3 LOAS;BENEFÍCIO ASSISTENCIAL;;Não;19/10/2018 16:11:15;104
2.3 maio 2024;2.3 maio 2024;;Não;06/05/2024 14:47:22;2
2.3 Maio 2025;2.3 Maio 2025;;Não;05/05/2025 10:46:04;54
2.3 Março 2024;2.3 Março 2024;;Não;01/03/2024 14:07:11;1
2.3 Março 2025;2.3 Março 2025;;Não;08/03/2025 10:40:23;12
2.3 Mesa Alexandre (GSA);2.3 Mesa Alexandre (GSA);Mesa de trabalho do Alexandre - Lotado temporariamente pelo GSA.;Não;10/01/2025 12:49:37;10
2.3 MESA BIANCA FARIA;2.3 MESA BIANCA FARIA;2.3 MESA BIANCA FARIA;Não;29/01/2025 17:02:20;17
2.3 Mesa Brenda (GSA);2.3 Mesa Brenda (GSA);Mesa de trabalho da Brenda - Lotada temporariamente pelo GSA.;Não;10/01/2025 12:50:31;4
2.3 Mesa Dr. Rafael;2.3 Mesa Dr. Rafael;;Não;10/09/2024 11:07:06;5
2.3 Mesa Gabriel;2.3 Mesa Gabriel;;Não;19/05/2025 18:20:17;4
2.3 Mesa Isadora Santino;2.3 Mesa Isadora Santino;;Não;24/03/2025 14:10:54;8
2.3 Mesa João Pedro;2.3 Mesa João Pedro;;Não;06/08/2025 14:46:08;0
2.3 Mesa Joelma;2.3 Mesa Joelma;;Não;15/10/2025 14:12:26;4
2.3 Mesa Larissa Maia;2.3 Mesa Larissa Maia;Mesa da Chefe do Gabinete 3 da 2a Turma Recursal;Não;10/01/2025 12:45:24;16
2.3 Mesa Marcelo Pinto;2.3 Mesa Marcelo Pinto;;Não;16/01/2024 15:59:59;0
2.3 Mesa Marco Tulio;2.3 Mesa Marco Tulio;;Não;06/08/2025 14:45:35;0
2.3 Mesa Roberta Carlos;2.3 Mesa Roberta Carlos;;Não;06/08/2025 14:45:53;0
2.3 Mesa Robson;2.3 Mesa Robson;;Não;19/09/2024 07:58:28;0
2.3 Mesa Vinicius;2.3 Mesa Vinicius;;Não;19/09/2024 07:57:54;2
2.3 Meta 2;2.3 Meta 2;;Não;04/04/2025 13:13:24;2
2.3 Minuta devolvida para retificação;2.3 Minuta devolvida para retificação;;Não;15/07/2025 17:56:25;0
2.3 Minutados;2.3 Minutados;;Não;29/09/2025 12:17:44;253
2.3 Minutas p ass.;2.3 Minutas p ass.;;Não;04/10/2024 19:10:20;3
2.3 MS - liminares apreciadas - pautar;2.3 MS - liminares apreciadas - pautar;MS com pedidos de liminar ja apreciados. Pautar com urgência ;Não;18/01/2024 17:14:44;0
2.3 Mutirão outubro 2025;2.3 Mutirão outubro 2025;;Não;10/10/2025 14:36:27;13
2.3 Novembro 2025;2.3 Novembro 2025;;Não;23/10/2025 16:21:26;32
2.3 Outros previdenciário;2.3 Outros previdenciário;"Recursos para minutar cujo pedido autoral seja a concessão de outros benefícios em RGPS, tais como auxílio-reclusão; auxílio-acidente e suplementar; salário-maternidade, etc.
";Não;04/10/2024 19:14:12;7
2.3 outubro 2024;2.3 outubro 2024;;Não;04/10/2024 11:25:14;5
2.3 Outubro 2025;2.3 Outubro 2025;;Não;02/10/2025 16:18:36;64
2.3 Parados > 150 dias;2.3 Parados há mais de 150 dias;Parados há mais de 150 dias;Não;29/01/2025 15:38:39;1
2.3 Parados >120 ;2.3 Parados entre 120 e 150 dias;Parados entre 120 e 150 dias;Não;28/01/2025 17:26:47;0
2.3 Parados há mais de 100 dias;2.3 Parados há mais de 100 dias;;Não;04/02/2025 18:03:21;0
2.3 Pedido de decretação de sigilo;2.3 Pedido de decretação de sigilo;;Não;09/06/2025 20:52:48;2
2.3 Pedido vista;2.3 Pedido vista;Processos com pedido de vista pelo Dr. Rafael.;Não;03/10/2024 15:42:39;0
2.3 Pensão (RGPS);2.3 Pensão (RGPS);;Não;02/10/2024 16:09:25;39
2.3 prazo;2.3 Ag. decurso de prazo;;Não;26/06/2018 17:50:26;4
2.3 prazo de conclusão a vencer;2.3 prazo de conclusão a vencer;Processos com prazo de conclusão há 50 dias;Não;05/06/2025 15:17:04;4
2.3 Prazo de conclusão vencido;2.3 Prazo de conclusão vencido;Processos com prazo de conclusão vencido;Não;04/06/2025 13:43:40;0
2.3 Processos adiados;2.3 Processos adiados;;Não;13/05/2025 18:17:31;0
2.3 Processos aguardando a inclusão em pauta para julgamento;2.3 Processos aguardando a inclusão em pauta para julgamento;Processos com a minuta conferida, aguardando a inclusão em pauta para julgamento.;Não;28/07/2025 13:09:13;2
2.3 processos antigo;2.3 processos antigos;processos antigos para servidores ;Não;16/06/2021 17:02:14;0
2.3 Processos autuados em 2024;2.3 Processos autuados em 2024;;Não;12/12/2025 18:58:48;71
2.3 Processos conclusos;2.3 Processos conclusos;;Não;28/07/2025 13:08:15;32
2.3 Processos conclusos para julgamento;2.3 Processos conclusos para julgamento;Processos conclusos para julgamento colegiado;Não;07/08/2025 16:26:57;0
2.3 Processos retirados da pauta pedido de sustentação ora;2.3 Processos retirados da pauta pedido de sustentação oral;;Não;13/05/2025 18:18:04;0
2.3 Recurso recebido;2.3 Recurso recebido;;Não;24/09/2025 18:59:40;125
2.3 Ressarcimento erário;2.3 Ressarcimento erário;;Não;19/03/2025 17:39:49;0
2.3 Retira de pauta;2.3 Retira de pauta;2.3 Retira de pauta;Não;08/03/2025 12:09:17;0
2.3 Retirados pauta;2.3 Retirados pauta;"Processos retirados da pauta virtual comum do dia xx
";Não;04/10/2024 19:17:17;0
2.3 Retirados pauta vídeoconf;2.3 Retirados pauta vídeo;Processos retirados da pauta de videoconferência de xxx;Não;04/10/2024 19:18:31;0
2.3 Revisão;2.3 Revisão;Recursos para minutar cujo pedido autoral seja a revisão de benefício, seja de RMI ou RMB, à exceção de contagem de tempos especiais.;Não;02/10/2024 15:40:07;7
2.3 REVISÃO RMI;2.3 REVISÃO RMI;;Não;11/02/2025 16:43:39;38
2.3 SALÁRIO MATERNIDADE;2.3 SALÁRIO MATERNIDADE;;Não;12/02/2025 18:19:46;5
2.3 Seguro-desempreg;2.3 Seguro-desempreg;"Processos sobre seguro-desemprego, com declínio de competência de Turmas Cíveis - suscitar conflito
";Não;04/10/2024 19:19:47;4
2.3 Setembro 2024;2.3 Setembro 2024;;Não;02/09/2024 17:03:01;7
2.3 Setembro 2025;2.3 Setembro 2025;;Não;10/09/2025 17:51:46;19
2.3 SUSPENSOS;2.3 SUSPENSOS DIVERSOS;;Não;13/12/2018 18:12:36;174
2.3 Suspensos - Tema 1437 STF;2.3 Suspensos - Tema 1437 STF;;Não;08/12/2025 14:41:51;7
2.3 tema 1.102/STF - Suspensos;2.3 tema 1.102/STF;"""Suspensão: """"Revisão da Vida Toda"""".
(Tema relacionado: 999/STJ)
Possibilidade de revisão de benefício previdenciário mediante a aplicação da regra definitiva do artigo 29, incisos I e II, da Lei nº 8.213/91, quando mais favorável do que a regra de tra";Não;04/10/2024 19:23:07;2
2.3 Tema 1031/STJ - Suspensos;2.3 Tema 1031/STJ;"""Suspensão dos processos envolvendo a especialidade da atividade de vigilante. 
Tema relacionado: 1.209/STF.""
";Não;01/12/2025 11:03:03;1
2.3 Tema 1070/STJ - Suspensos;2.3 Tema 1070/STJ;"""Possibilidade, ou não, de sempre se somar as contribuições previdenciárias para integrar o salário-de-contribuição, nos casos de atividades concomitantes (artigo 32 da Lei n. 8.213/91), após o advento da Lei 9.876/99, que extinguiu as escalas de salário-";Não;08/12/2025 14:39:31;0
2.3 Tema 1083/STJ - Suspensos;2.3 Tema 1083/STJ;"""Possibilidade de reconhecimento do exercício de atividade sob condições especiais pela exposição ao agente ruído, quando constatados diferentes níveis de efeitos sonoros, considerando-se apenas o nível máximo aferido (critério ""pico de ruído""), a média a";Não;08/12/2025 14:40:11;0
2.3 Tema 1102/STF;2.3 Tema 1102/STF;"TEMA 1102 STF - RMI - art. 29, I e II, 8.213/1991.
(TEMA 999 STJ)";Não;01/12/2025 11:05:15;34
2.3 tema 1124/STJ - Suspensos;2.3 tema 1124/STJ;"""Suspensão
""""Definir o termo inicial dos efeitos financeiros dos benefícios previdenciários concedidos ou revisados judicialmente, por meio de prova não submetida ao crivo administrativo do INSS: se a contar da data do requerimento administrativo ou da c";Não;10/02/2025 15:30:44;34
2.3 TEMA 1209 STF;2.3 TEMA 1209 STF;;Não;13/02/2025 12:16:43;21
2.3 Tema 1329 STF;2.3 Tema 1329 STF;;Não;15/10/2025 19:40:58;1
2.3 Tema 1437/STF - Auxílio-alimentação;2.3 Tema 1437/STF - Auxílio-alimentação;2.3 Tema 1437/STF - Auxílio-alimentação;Não;01/12/2025 11:00:12;8
2.3 tema 170/TNU;2.3 tema 170/TNU;"""PUIL nº 1283 pendente de julgamento pelo STJ.

A redação do art. 68, § 4º, do Decreto 3.048/99 dada pelo Decreto 8.123/2013 pode ser aplicada na avaliação de tempo especial de períodos a ele anteriores, incluindo-se, para qualquer período: (1) desneces";Não;04/10/2024 19:23:52;0
2.3 tema 220/TNU - Suspensos;2.3 tema 220/TNU;"""Relacionado: PUIL 2266/DF
""""Saber se o rol do inciso II do art. 26 c/c art. 151 da Lei nº 8.213/91 é taxativo ou se pode contemplar outras hipóteses de isenção de carência, como a gravidez de alto risco"""".""
";Não;04/10/2024 19:24:08;0
2.3 tema 250/TNU;2.3 tema 250/TNU;"PUIL STJ 2391/DF e RE admitido. Saber se o período de aviso prévio indenizado é válido para todos os fins previdenciários, inclusive como tempo de contribuição para obtenção de aposentadoria.
";Não;04/10/2024 19:24:50;0
2.3 tema 298/TNU;2.3 tema 298/TNU;"""A indicação genérica de exposição a """"hidrocarbonetos"""" ou """"óleos e graxas"""" é suficiente para caracterizar a atividade como especial?

Tese firmada em 23/06/2022: A partir da vigência do Decreto 2.172/97, a indicação genérica de exposição a """"hidroca";Não;04/10/2024 19:25:10;0
2.3 tema 317/TNU;2.3 tema 317/TNU;"A menção à técnica da dosimetria ou ao dosímetro no PPP é suficiente para se concluir pela observância das determinações da Norma de Higiene Ocupacional (NHO-01) da FUNDACENTRO e/ou da NR-15, nos termos do Tema 174 da TNU?
";Não;04/10/2024 19:25:32;0
2.3 tema 318/TNU;2.3 tema 318/TNU;Definir se os benefícios de aposentadoria por incapacidade permanente, sob a vigência da EC nº 103/2019, devem ser concedidos ou revistos, de forma a se afastar a forma de cálculo prevista no art. 26, §2º, III, da EC nº 103/2019, ao argumento de que seria;Não;04/10/2024 19:25:54;0
2.3 tema 692/STJ - Suspensos;2.3 tema 692/STJ;"""Proposta de Revisão de Entendimento firmado em tese repetitiva firmada pela Primeira Seção relativa ao Tema 692/STJ, quanto à devolução dos valores recebidos pelo litigante beneficiário do Regime Geral da Previdência Social - RGPS em virtude de decisão j";Não;04/10/2024 19:26:16;0
2.3 Video Conferenci;2.3 Pedido Video Conferencia;Processos que os advogados querem realizar sustentação oral por video conferencia. ;Não;29/05/2020 17:06:58;0
2.3-SUSPENSOS TEMA 1271 STF;2.3-SUSPENSOS TEMA 1271 STF;;Não;23/01/2025 21:41:15;1
@1.013_STJ;@1.013_STJ;;Não;15/03/2023 19:51:10;0
@1.031-STJ_1.209_STF;@1.031-STJ_1.209_STF;;Não;14/03/2023 18:42:04;0
@1.070-STJ;@1.070-STJ;@1.070-STJ;Não;16/02/2023 18:52:28;0
@1.090_STJ;@1.090_STJ;;Não;15/03/2023 20:34:00;0
@1.124_STJ;@1.124_STJ;;Não;15/03/2023 12:09:46;0
@1.141_STJ;@1.141_STJ;;Não;18/09/2023 17:39:38;0
@1.162_STJ/310_TNU;@1.162_STJ/310_TNU;;Não;15/03/2023 20:32:16;0
@1.188_STJ;@1.188_STJ;;Não;07/06/2023 14:03:17;0
@1.271_STF;@1.271_STF;@1.271_STF;Não;03/06/2025 11:10:41;0
@1.321-STJ_prescrição_def.mental/intelectual;@1.321-STJ_prescrição_def.mental/intelectual;@1.321-STJ_prescrição_def.mental/intelectual;Não;27/10/2025 14:28:37;0
@1.437-STF_Aux.Alimentação_Lei13.416/2017;@1.437-STF_Aux.Alimentação_Lei13.416/2017;@1.437-STF_Aux.Alimentação_Lei13.416/2017;Não;27/10/2025 14:18:28;0
@250_TNU;@250_TNU;;Não;16/03/2023 10:45:05;0
@259_TNU;@259_TNU;@259_TNU;Não;26/04/2024 13:25:42;0
@317_TNU;@317_TNU;;Não;15/03/2023 12:05:09;0
@318_TNU;@318_TNU;;Não;04/04/2023 19:07:19;0
@338_TNU-@255_TNU;@338_TNU-@255_TNU;@338_TNU-@255_TNU;Não;26/04/2024 13:46:07;0
@896_STJ;@896_STJ;;Não;15/03/2023 19:52:16;0
@979 STJ;@979 STJ;;Não;14/03/2023 18:47:37;0
@995_STJ;@995_STJ;;Não;15/03/2023 19:49:11;0
@998_STJ;@998_STJ;;Não;15/03/2023 12:06:58;0
@999-STJ_1.102_STF;@999-STJ_1.102_STF;@999-STJ_1.102_STF;Não;02/02/2023 18:57:11;0
@Ap.Especial / ATC;Aposentadoria Especial;Aposentadoria Especial;Não;24/05/2022 18:52:27;0
@AP.IDADE;Aposentadoria por idade;;Não;14/11/2018 15:46:27;0
@ATC;Ap.Tempo Contribuição;Aposentadoria por Tempo de Contribuição;Não;17/03/2022 18:40:45;0
@AUX.DOENÇA;Auxílio-Doença;;Não;21/11/2018 11:31:52;0
@AUX.RECLUSÃO;Auxílio-Reclusão;;Não;21/11/2018 11:30:09;0
@Conflito-competência;@Conflito-competência;@Conflito-competência;Não;25/10/2024 11:24:25;0
@DMR_Tema 1.102/STF_reformar;@DMR_Tema 1.102/STF_reformar;@DMR_Tema 1.102/STF_reformar;Não;24/10/2025 20:54:04;0
@impedimento_Dr. Rafael_DMR;@impedimento_Dr. Rafael_DMR;@impedimento_Dr. Rafael_DMR;Não;10/09/2024 11:53:55;0
@LOAS;Benefício Assistencial;;Não;21/11/2018 11:35:46;0
@PM;Pensão por morte;;Não;14/11/2018 15:48:18;0
@Prev.Outros;previdenciário Outros;Outras matérias previdenciárias;Não;14/11/2018 15:48:39;0
@Prioridade;Prioridade;;Não;29/09/2021 19:27:25;0
@prioridade_inspeção;@prioridade_inspeção;;Não;17/03/2023 18:47:29;0
@Processos migrados;Processos Migrados;Processos migrados (Apolo);Não;24/05/2021 11:24:56;0
@prox.pauta;Próxima Pauta;Processo para próxima pauta;Não;08/10/2021 15:18:37;0
@prox.pauta_2;@prox.pauta_2;Pauta prioridade subsequente;Não;08/02/2022 19:01:18;0
@prox.pauta_3;@prox.pauta_3;Pauta prioridade subsequente;Não;02/06/2022 13:50:34;0
@prox.pauta_4;@prox.pauta_4;@prox.pauta_4;Não;13/06/2022 18:29:56;0
@revisão_vida_toda_Manter;@revisão_vida_toda_Manter;@revisão_vida_toda_Manter;Não;10/10/2024 11:52:02;0
@revisão_vida_toda_Reformar;@revisão_vida_toda_Reformar;@revisão_vida_toda_Reformar;Não;10/10/2024 12:13:55;0
@revisões;Revisão;Revisão - EC 20 e 41;Não;18/04/2022 18:56:15;0
@SAL.MATERN;Salário Maternidade;;Não;21/11/2018 11:29:17;0
@SEG_DESEMP;Seguro-Desemprego;Seguro-Desemprego;Não;18/12/2019 17:37:53;0
@videoconferência;@videoconferência;Processos Adiados/Retirados - Sessão Julgamento;Não;21/05/2021 17:16:05;0
@Voto_Tema-1.102/STF_Agravo Interno;@Voto_Tema-1.102/STF_Agravo Interno;;Não;05/08/2025 14:25:27;0
@_2.1_DMR_Assinadas;@_2.1_DMR_Assinadas;DMR_Assinadas;Não;25/03/2025 16:28:47;0
AG. DEV. EXPEDIENTE;AG. DEV. EXPEDIENTE;;Não;09/11/2020 11:11:27;1
AG. DIGITALIZAÇÃO;AGUARDA DIGITALIZAÇÃO;;Sim;19/03/2018 16:55:39;0
Aposentadoria por Tempo de Contribuição;Aposentadoria por Tempo de Contribuição;Processos com pedido de aposentadoria por tempo de contribuição aguardando minutar;Não;08/08/2024 17:52:07;5
APRECIACAO_JUDIC;APRECIAÇÃO JUDICIAL;;Sim;16/12/2021 16:46:41;0
AR ENTREGUE;CARTA AR ENTREGUE;;Sim;19/03/2018 16:55:39;0
AR NÃO ENTREGUE;CARTA AR NÃO ENTREGUE;;Sim;19/03/2018 16:55:39;0
CANCELAMENTO;VERIFICAR CANCELAMENTO EVENTO;;Sim;19/03/2018 16:55:39;0
CARTA AR ENVIADA;CARTA AR ENVIADA;;Sim;19/03/2018 16:55:39;0
CARTA AR PAGAMENTO CONFIRMADO;CARTA AR PAGAMENTO CONFIRMADO;;Sim;15/10/2019 08:41:05;0
CARTA AR PAGAMENTO NÃO REALIZADO;CARTA AR PAGAMENTO NÃO REALIZADO;;Sim;15/10/2019 08:41:05;0
CEJUSCON-RECB;CEJUSCON-RECEBIDOS;;Sim;19/03/2018 16:55:39;0
CERTIDAO;Certidão;;Não;28/08/2019 18:19:38;0
CI Não Pagas;Custas Iniciais Não Pagas;;Sim;19/03/2018 16:55:39;0
CI PEND;CUSTAS INICIAIS PEND;;Sim;19/03/2018 16:55:39;0
CONCILIAÇÃO;CONCILIAÇÃO;;Sim;19/03/2018 16:55:39;0
CONCILIACAO_COM_ACOR;CONCILIACAO_COM_ACORDO;;Sim;19/03/2018 16:55:39;0
CONCILIACAO_ENCERRAD;CONCILIACAO ENCERRADA;;Sim;19/03/2018 16:55:39;0
CONCILIACAO_INICIADA;CONCILIACAO INICIADA;;Sim;19/03/2018 16:55:39;0
CONCILIACAO_SEM_ACOR;CONCILIACAO_SEM_ACORDO;;Sim;19/03/2018 16:55:39;0
Conta +1Ano c Saldo Baixado;Conta Req +1Ano com Saldo - BAIXADO;;Sim;19/03/2018 16:55:39;0
Conta +1Ano c Saldo Movimento;Conta Req +1Ano com Saldo - MOVIMENTO;;Sim;19/03/2018 16:55:39;0
CR Não Pagas;Custas Recursais Não Pagas;;Sim;19/03/2018 16:55:39;0
CR PEND;CUSTAS RECURSAIS PEN;;Sim;19/03/2018 16:55:39;0
DECURSO DE PRAZO;DECURSO DE PRAZO;;Sim;19/03/2018 16:55:39;0
DEPÓSITO JUDICIAL;DEPÓSITO JUDICIAL;;Sim;26/11/2021 08:04:02;0
DEVOL-DILIGÊNCIA;DEVOLVIDOS JEF - DILIGÊNCIA;;Sim;19/03/2018 16:55:39;0
DEVOLVIDOS JEF;DEVOLVIDOS JEF;;Sim;19/03/2018 16:55:39;0
DIGITALIZADOS;DIGITALIZADOS;;Sim;19/03/2018 16:55:39;0
DMR - 02TR-GAB1;Pauta de Julgamento;;Não;28/06/2019 10:54:07;0
EMBDEC;EMBARGOS DE DECLARAÇÃO;;Sim;19/03/2018 16:55:39;11
ENT. SEM PROC.;ENT. SEM PROCURADOR;;Sim;19/03/2018 16:55:39;0
ERRO_AGENDAMENTO_EVENTO;ERRO_AGENDAMENTO_EVENTO;;Sim;13/08/2020 05:11:15;0
ERRO_ALTERA_DADO;ERRO_ALTERA_DADO;;Sim;10/07/2025 22:54:55;0
ERRO_ENVIO_INTIMACAO_DJEN;ERRO_ENVIO_INTIMACAO_DJEN;;Sim;14/03/2025 05:26:19;7
ERRO_INTIMA_AUTOMATI;ERRO_INTIMA_AUTOMATICO;;Sim;19/03/2018 16:55:39;0
Extinção Sem Mérito;Extinção Sem Mérito;Recurso Inominado - Enunc 35 FOREJEFs/TRF2 - Sem Julgamento Mérito;Não;23/07/2024 22:51:35;6
FÓRUM HABILITADO;FÓRUM HABILITADO;;Sim;19/03/2018 16:55:39;0
GAB1-APRECIAR;GAB1-APRECIAR;PROCESSOS COM PETIÇÃO PARA SER APRECIADA PELO GAB;Não;21/11/2018 17:03:55;0
GAB2-APRECIAR;GAB2-APRECIAR;PROCESSOS COM PETIÇÃO A SER APRECIADA PELO GAB;Não;21/11/2018 17:04:19;0
GAB3-APRECIAR;GAB3-APRECIAR;PROCESSOS COM PETIÇÃO A SER APRECIADA PELO GAB;Não;21/11/2018 17:04:44;0
GAG - CHAMADO ABERTO;GAG - CHAMADO ABERTO;CHAMADOS DE T.I. ABERTOS PELO GAG;Não;03/03/2022 18:28:01;0
GAG - MIGRADOS APOLO;Baixar;;Não;16/05/2022 14:52:56;0
GAG AGUARDANDO PRAZO + RELATOR;GAG AGUARDANDO PRAZO + RELATOR;GAG AGUARDANDO PRAZO + RELATOR;Não;10/12/2024 16:27:17;33
GAG ATO ORDINATÓRIO CONTRARRAZÕES;GAG ATO ORDINATÓRIO CONTRARRAZÕES DE AGRAVO;GAG ATO ORDINATÓRIO CONTRARRAZÕES DE AGRAVO;Não;10/12/2024 16:22:58;0
GAG OK;GAG OK;localizador usado pelo GAG para movimentações em bloco;Não;03/03/2022 11:42:46;1
GAG REMESSA TNU;GAG  REMESSA TNU;Localizador processos remetidos TNU;Não;13/06/2024 11:28:04;0
GAG SARITA - EXPEDIR OFICIO;GAG SARITA - EXPEDIR OFICIO;Expedição de ofícios determinados nos despachos e decisões;Não;14/09/2024 13:26:35;0
GAG SARITA - LOTES;GAG SARITA - LOTES;Localizador usado por Sarita (GAG) para movimentar vários processos.;Não;05/07/2023 11:19:20;0
GAG- SESSAO VIRTUAL 02/12/2025;VIRTUAL  02/12/2025;;Não;24/10/2025 14:05:26;0
GAG-AG. DEV. EXPED;GAG-AG. DEV. EXPED;PROCESSOS AGUARDANDO DEVOLUÇÃO DE EXPEDIENTE;Não;21/11/2018 17:03:25;0
GAG-AG. PRAZO;GAG-AG. PRAZO;PRAZO DO GAG - APÓS JULGAMENTO;Não;03/03/2022 11:47:32;330
GAG-DEVOLVER AO GAB;GAG-DEVOLVER APÓS DECURSO;Devolver processos aos Gabinetes após o decurso de prazo (petições para apreciar).;Não;29/08/2024 17:05:46;0
GAG-DMR ASSINADAS;GAG-DMR ASSINADAS;"Processos com DMRs assinadas
 
";Não;09/07/2019 13:21:47;0
GAG-LOAS;GAG-LOAS;;Não;18/03/2024 17:52:28;0
GAG-MESA SERVIDOR;GAG-MESA SERVIDOR;;Não;03/03/2022 11:48:33;1
GAG-SESSAO ORDINARIA 01/07/2025;PRES + VIDEO 01/07/2025;;Não;29/05/2025 12:40:59;0
GAG-SESSÃO ORDINÁRIA 09/07/2024;06 PRES. + VIDEO 09/07/2024;;Não;03/06/2024 19:41:28;0
GAG-SESSAO ORDINARIA 10/02/2026;PRES + VIDEO - 10/02/2026;;Não;03/12/2025 23:58:21;0
GAG-SESSÃO ORDINÁRIA 11/06/2024;05 PRES. + VIDEO 11/06/2024;;Não;22/02/2024 09:57:41;0
GAG-SESSAO ORDINARIA 13/05/2025;PRES + VIDEO 13/05/2025;;Não;07/03/2025 11:06:00;0
GAG-SESSAO ORDINARIA 16/09/2025;PRES + VIDEO 16/09/2025;;Não;27/06/2025 15:42:43;0
GAG-SESSAO ORDINARIA 16/12/2025;PRES + VIDEO 16/12/2025;;Não;27/10/2025 11:42:49;0
GAG-SESSAO ORDINARIA 17/06/2025;PRES + VIDEO 17/06/2025;;Não;21/03/2025 13:09:00;0
GAG-SESSÃO ORDINÁRIA 17/12/2024;11 PRES. + VIDEO 17/12/2024;;Não;03/06/2024 19:48:10;0
GAG-SESSÃO ORDINÁRIA 18/02/2025;PRES + VIDEO 18/02/2025;;Não;07/01/2025 16:43:49;0
GAG-SESSAO ORDINARIA 18/11/2025;PRES + VIDEO 18/11/2025;;Não;15/09/2025 12:41:20;0
GAG-SESSAO ORDINARIA 19/08/2025;PRES + VIDEO 19/08/2025;;Não;11/06/2025 11:43:41;0
GAG-SESSAO ORDINARIA 21/10/2025;PRES + VIDEO 21/10/2025;;Não;21/08/2025 15:38:06;0
GAG-SESSÃO ORDINÁRIA 22/10/2024;09 PRES. + VIDEO 22/10/2024;;Não;03/06/2024 20:06:41;0
GAG-SESSÃO ORDINÁRIA 24/09/2024;08 PRES. + VIDEO 24/09/2024;;Não;03/06/2024 19:45:33;0
GAG-SESSÃO ORDINÁRIA 25/03/2025 -;PRES + VIDEO 25/03/2025;;Não;01/02/2025 14:02:20;0
GAG-SESSÃO ORDINÁRIA 26/11/2024;10 PRES. + VIDEO 26/11/2024;;Não;03/06/2024 19:47:07;0
GAG-SESSÃO ORDINÁRIA 27/08/2024;07 PRES. + VIDEO 27/08/2024;;Não;03/06/2024 19:38:53;0
GAG-SESSÃO VIRTUAL  11/03/2025 -;VIRTUAL - 11/03/2025;;Não;22/01/2025 12:20:41;0
GAG-SESSÃO VIRTUAL 02/04/2024;03 VIRTUAL 02/04/2024;;Não;17/02/2024 11:07:07;0
GAG-SESSAO VIRTUAL 02/09/2025;VIRTUAL  02/09/2025;;Não;11/06/2025 11:45:20;0
GAG-SESSAO VIRTUAL 03/03/2026;VIRTUAL 03/03/2026;;Não;04/12/2025 00:00:13;0
GAG-SESSAO VIRTUAL 04/11/2025;VIRTUAL 04/11/2025;;Não;15/09/2025 12:39:48;0
GAG-SESSAO VIRTUAL 05/08/2025;VIRTUAL 05/08/2025;;Não;29/05/2025 12:42:54;0
GAG-SESSÃO VIRTUAL 05/11/2024;11 VIRTUAL 05/11/2024;;Não;03/06/2024 19:19:50;0
GAG-SESSAO VIRTUAL 07/10/2025;VIRTUAL 07/10/2025;;Não;27/06/2025 15:44:17;0
GAG-SESSAO VIRTUAL 08/04/2025;VIRTUAL 08/04/2025;;Não;07/03/2025 11:04:06;0
GAG-SESSÃO VIRTUAL 08/10/2024;10 VIRTUAL 08/10/2024;;Não;03/06/2024 19:19:12;0
GAG-SESSÃO VIRTUAL 10/09/2024;09 VIRTUAL 10/09/2024;;Não;03/06/2024 19:18:39;0
GAG-SESSÃO VIRTUAL 10/12/2024;12 VIRTUAL 10/12/2024;;Não;03/06/2024 19:24:48;0
GAG-SESSÃO VIRTUAL 13/08/2024;08 VIRTUAL 13/08/2024;;Não;03/06/2024 19:18:04;0
GAG-SESSÃO VIRTUAL 16/04/2024;04 VIRTUAL 16/04/2024;;Não;17/02/2024 11:08:39;0
GAG-SESSÃO VIRTUAL 25/06/2024;07 VIRTUAL 25/06/2024;;Não;03/06/2024 19:17:42;0
GAG-SESSAO VIRTUAL 27/05/2025;VIRTUAL 27/05/2025;;Não;21/03/2025 13:07:24;0
GAG-SESSÃO VIRTUAL 28/05/2024;06 VIRTUAL 28/05/2024;;Não;03/06/2024 19:17:16;0
GAG-SESSÃO VIRTUAL 30/04/2024;05 VIRTUAL 30/04/2024;;Não;17/02/2024 11:09:47;0
INCAPAZ ACIDENTE DE TRABALHO;INCAPAZ ACIDENTE DE TRABALHO;Indica que a doença, moléstia ou lesão decorre do trabalho exercido ou de acidente de trabalho;Sim;21/07/2025 17:26:04;0
INCLUSÃO PAUTA;Pauta de Julgamento;;Não;21/09/2018 13:19:29;0
INTIMAÇÂO;Dar Andamento;;Não;31/03/2020 07:56:12;0
LAUDO COMPLEMENTAR;LAUDO COMPLEMENTAR;;Sim;03/12/2018 12:20:16;0
LAUDO INCAPAZ CIVIL;LAUDO INCAPAZ CIVIL;;Sim;03/05/2019 08:05:31;0
LAUDO INCAPAZ PERM;LAUDO INCAPAZ PERM;;Sim;03/12/2018 12:20:16;0
LAUDO INCAPAZ PRET;LAUDO INCAPAZ PRET;;Sim;03/12/2018 12:20:16;0
LAUDO INCAPAZ REDUZ;LAUDO INCAPAZ REDUZ;;Sim;03/12/2018 12:20:16;0
LAUDO INCAPAZ TEMP;LAUDO INCAPAZ TEMP;;Sim;03/12/2018 12:20:16;0
LAUDO PERICIAL CAPAZ;LAUDO PERICIAL CAPAZ;;Sim;03/12/2018 11:55:28;0
MAND CUMPRIDO;MANDADO CUMPRIDO;;Sim;19/03/2018 16:55:39;0
MAND MOVIMENTADO;MANDADO MOVIMENTADO;Mandado teve devolução na central de mandados, mas ainda não foi finalizado ou mandado teve complemento de devolução realizado;Sim;09/09/2022 08:58:30;0
MAND PARC CUMPRIDO;MANDADO PARCIALMENTE CUMPRIDO;;Sim;19/03/2018 16:55:39;0
MAND SEM CUMPRIMENTO;MANDADO SEM CUMPRIMENTO;;Sim;19/03/2018 16:55:39;0
Mesa Arnaldo (2.1);Mesa Arnaldo;Mesa Arnaldo;Não;13/03/2019 11:49:51;1
Mesa Bruno Eduardo (2.1);Mesa Bruno Eduardo (2.1);Mesa Bruno Eduardo (2.1);Não;08/04/2024 14:42:15;0
Mesa Bruno Mai (2.1);Mesa Bruno Maia (2.1);;Não;08/03/2023 13:40:36;0
Mesa Bruno Vivas (2.1);Mesa Bruno Vivas (2.1);;Não;08/01/2024 11:03:10;0
Mesa Daniel (2.1);Mesa Daniel (2.1);;Não;16/03/2023 17:18:51;0
Mesa Dr. Rafael;Mesa Dr. Rafael;;Não;10/09/2024 10:28:53;0
Mesa Fernanda (2.1);Mesa Fernanda (2.1);Mesa Fernanda (2.1);Não;08/04/2024 14:40:20;0
Mesa Leonardo (2.1);Mesa Leonardo (2.1);Mesa Leonardo (2.1);Não;05/05/2025 13:52:57;0
Mesa Sérgio (2.1);Mesa Sérgio (2.1);Mesa Sérgio (2.1);Não;02/12/2024 14:31:35;0
MIGRADOS EPROCV1;MIGRADOS EPROCV1;;Sim;19/03/2018 16:55:39;0
Minutar DMRs;Minutar DMRs;Processos aguardando minutar DMRs;Não;29/07/2024 15:33:48;0
movimentação bloco;GAG Leila -;localizador usado por LEILA (GAG) para movimentações em bloco;Não;03/03/2022 11:43:36;0
NÃO PREVIDENCIÁRIO;Processos a redistribuir;Processos que não sejam de matéria previdenciária;Não;30/11/2018 15:39:06;0
Partes sem CPF/CNPJ - TRF2-OCI-2023/00022;Partes sem CPF/CNPJ - TRF2-OCI-2023/00022;Partes sem CPF/CNPJ - TRF2-OCI-2023/00022;Sim;12/05/2023 20:10:00;0
Pauta Mesa - Flores;Pauta Mesa - Flores;Pauta de Mesa - Dr. Flores;Não;28/11/2019 19:21:48;0
Pauta_23.08.22;Pauta_23.08.22;Pauta_23.08.22;Não;02/08/2022 17:31:59;0
PEDIDO DE UNIFORMIZAÇÃO;PEDIDO DE UNIFORMIZAÇÃO;;Sim;19/03/2018 16:55:39;3
PERITO IMPEDIDO/SUSP;PERITO IMPEDIDO OU SUSPEITO;;Sim;03/12/2018 12:22:27;0
PET INIC HC TR;PETIÇÃO INICIAL HC TR;;Sim;19/03/2018 16:55:39;0
PETIÇÃO;PETIÇÃO;;Sim;19/03/2018 16:55:39;0
PETIÇÃO INI CAUTELAR;PETIÇÃO INICIAL CAUTELAR;;Sim;19/03/2018 16:55:39;0
PETIÇÃO INI CRIMINAL;PETIÇÃO INICIAL CRIMINAL;;Sim;19/03/2018 16:55:39;0
PETIÇÃO INICIAL;PETIÇÃO INICIAL;;Sim;19/03/2018 16:55:39;0
PETIÇÃO INICIAL JEF;PETIÇÃO INICIAL JEF;;Sim;13/05/2022 11:37:28;0
PETIÇÃO INICIAL MS;PETIÇÃO INICIAL MS;;Sim;19/03/2018 16:55:39;0
PETIÇÃO INICIAL TR;PETIÇÃO INICIAL TR;;Sim;19/03/2018 16:55:39;11
PI - DEPENDÊNCIA;PI - DEPENDÊNCIA;;Sim;19/03/2018 16:55:39;0
Prazo (2.1);Prazo;;Não;21/08/2019 17:26:57;0
PRAZO_MU_MS;AG.PRAZO_MU_MS;Aguardando Prazo MS e MU. Após, Voto;Não;17/05/2018 10:02:07;0
PROC ADV;PROCURAÇÃO ADV;;Sim;19/03/2018 16:55:39;0
PROCESSOS SEM ADV;PROCESSOS SEM ADVOGADO;;Sim;19/03/2018 16:55:39;0
REATIVADOS;REATIVADOS;;Sim;19/03/2018 16:55:39;0
REC PRESIDENCIA TR;REC PRESIDENCIA TR;;Sim;19/03/2018 16:55:39;2
RECEBIDOS;RECEBIDOS;;Sim;19/03/2018 16:55:39;0
RECEBIDOS-DIL./CONC.;RECEBIDOS-DILIG./CONCIL.;;Sim;19/03/2018 16:55:39;0
RECURSO EXTRAORDINÁR;RECURSO EXTRAORDINÁRIO;;Sim;19/03/2018 16:55:39;1
REDISTRIBUIR-ART 227 RITRF2;REDISTRIBUIR-ART 227 RITRF2;Impedimento do Magistrado a colegiado – Art. 227 RITRF2;Não;02/04/2025 13:38:27;0
REF;A FAZER;Matéria pacífica;Não;21/09/2018 13:24:50;0
Ref_Minutar;Referendadas a minutar;;Não;29/11/2021 16:50:19;0
REGISTRO DE ÓBITO;REGISTRO DE ÓBITO;;Sim;25/03/2022 07:28:47;1
REQ - PAGA - BLOQUEADA;REQ - PAGA - BLOQUEADA;;Sim;19/03/2018 16:55:39;0
REQ - PAGA - LIBERADA;REQ - PAGA - LIBERADA;;Sim;19/03/2018 16:55:39;0
REQ.PAG.CANCELADA;REQUISICAO PAGAMENTO CANCELADA;;Sim;19/03/2018 16:55:39;0
RESTRITO AO JUIZ;RESTRITO AO JUIZ;;Sim;19/03/2018 16:55:39;0
RETORNO SUSPENSÃO;2.3 tema 979/STJ;"""RETORNO DA SUSPENSÃO
Tese firmada: Com relação aos pagamentos indevidos aos segurados decorrentes de erro administrativo (material ou operacional), não embasado em interpretação errônea ou equivocada da lei pela Administração, são repetíveis, sendo legí";Não;04/10/2024 19:27:12;0
REVISÃO - 02TR-GAB3;REVISÃO - 02TR-GAB3;Minutas elaboradas por estagiários aguardando revisão de servidor;Não;12/08/2024 21:38:59;0
RJRIOTR02 - 2.3 - Janeiro 2024;RJRIOTR02 - 2.3 - Janeiro 2024;;Não;02/04/2025 13:59:47;0
RJRIOTR02 - 2.3 - novembro 2024;RJRIOTR02 - 2.3 - novembro 2024;2.3 - novembro 2024;Não;02/04/2025 13:59:48;1
RJRIOTR02 - 2.3 - para conferir;RJRIOTR02 - 2.3 -para conferir;Minutas para conferir (em geral);Não;02/04/2025 13:59:47;2
RJRIOTR02 - 2.3 Agosto 2024;RJRIOTR02 - 2.3 Agosto 2024;;Não;02/04/2025 13:59:47;0
RJRIOTR02 - 2.3 Aposentadoria;RJRIOTR02 - APOSENTADORIA;;Não;02/04/2025 13:59:47;3
RJRIOTR02 - 2.3 Fevereiro 2024;RJRIOTR02 - 2.3 Fevereiro 2024;;Não;02/04/2025 13:59:47;0
RJRIOTR02 - 2.3 Impedimento Dr. Rafael;RJRIOTR02 - 2.3 Impedimento Dr. Rafael;Processos sentenciados e originários da Vara Federal de Barra do Piraí - RJ;Não;02/04/2025 13:59:47;0
RJRIOTR02 - 2.3 junho 2024;RJRIOTR02 - 2.3 junho 2024;;Não;02/04/2025 13:59:47;0
RJRIOTR02 - 2.3 maio 2024;RJRIOTR02 - 2.3 maio 2024;;Não;02/04/2025 13:59:47;0
RJRIOTR02 - 2.3 Parados > 150 dias;RJRIOTR02 - 2.3 Parados há mais de 150 dias;Parados há mais de 150 dias;Não;02/04/2025 13:59:47;0
RJRIOTR02 - 2.3 Pensão (RGPS);RJRIOTR02 - 2.3 Pensão (RGPS);;Não;02/04/2025 13:59:48;1
RJRIOTR02 - 2.3 Revisão;RJRIOTR02 - 2.3 Revisão;Recursos para minutar cujo pedido autoral seja a revisão de benefício, seja de RMI ou RMB, à exceção de contagem de tempos especiais.;Não;02/04/2025 13:59:47;0
RJRIOTR02 - GAG-MESA SERVIDOR;RJRIOTR02 - GAG-MESA SERVIDOR;;Não;02/04/2025 13:59:47;0
RJRIOTR02 - REDISTRIBUIR-ART 227 RITRF2;RJRIOTR02 - REDISTRIBUIR-ART 227 RITRF2;Impedimento do Magistrado a colegiado – Art. 227 RITRF2;Não;02/04/2025 13:59:47;0
RVT-Lote1;Lote 1 - RVT - REC AUTOR - DESPROVIDO;Recursos do autor contra sentença que rejeitou aplicação da Revisão da Vida Toda;Não;02/10/2024 11:07:41;0
RVT-Lote2;Lote 2 - RVT - REC INSS - PROVIDO;Recursos do INSS contra sentença que acolheu a revisão da vida toda;Não;02/10/2024 11:09:00;0
SARITA - BX;SARITA - BX;PROCESSOS PARA BAIXAR E REMETER JEF;Não;26/06/2024 10:56:13;0
SARITA-GAG-SUSCITAR-CONFLITO;SARITA -GAG-SUSCITAR-CONFLITO;SUSCITAR CONFLITO, CONFORME DETERMINADO ;Não;17/09/2024 11:25:33;0
SEG.DESEMPREGO;Seguro Desemprego;;Não;02/08/2019 14:46:43;0
SEM CONCILIAÇÃO;SEM CONCILIAÇÃO;;Sim;19/03/2018 16:55:39;0
SERASAJUD-INSERÇÃO;SERASAJUD-INSERÇÃO;;Sim;26/11/2021 07:28:44;0
SERASAJUD-RETIRADA;SERASAJUD-RETIRADA;;Sim;26/11/2021 07:28:44;0
SESSÃO 10/11;SESSÃO 10/11;;Não;09/11/2020 11:09:38;0
SISBAJUD-NEGATIVO;AUTOMAÇÃO SISBAJUD - Retorno Negativo;;Sim;10/07/2025 21:40:33;0
SISBAJUD-POSITIVO-BLOQUEADO;AUTOMAÇÃO SISBAJUD - Retorno Positivo - valores bloqueados;;Sim;10/07/2025 21:40:33;0
SISBAJUD-POSITIVO-TRANSFERIDO;AUTOMAÇÃO SISBAJUD - Retorno Positivo - valores transferidos;;Sim;10/07/2025 21:40:33;0
STF-DIST;STF-Distribuídos;;Sim;03/03/2021 06:30:41;0
STF-RECEBIDOS;STF-RECEBIDOS;;Sim;19/03/2018 16:55:39;0
STF-REM;STF REMETIDOS;;Sim;19/03/2018 16:55:39;0
STJ-RECEBIDOS;STJ-RECEBIDOS;;Sim;19/03/2018 16:55:39;0
STJ-REM;STJ REMETIDOS;;Sim;19/03/2018 16:55:39;0
SUSPENSO (2.1);Suspensos;Processos Suspensos;Não;21/08/2019 19:05:31;0
SUSPENSOS;PROCESSOS SUSPENSOS;;Sim;19/03/2018 16:55:39;164
SUSPENSOS-RETORNO;RETORNADOS DE SUSPENSÃO;;Sim;19/03/2018 16:55:39;1
T.A AGUARDA PRAZO CEAB;T.A AGUARDA PRAZO CEAB;;Sim;12/06/2025 11:10:05;0
T.A VERIFICAR INTIMAÇÃO SENTENÇA;T.A VERIFICAR INTIMAÇÃO SENTENÇA;;Sim;02/07/2025 12:59:31;0
T.A VERIFICAR REQUISIÇÃO CEAB;T.A VERIFICAR REQUISIÇÃO CEAB;;Sim;04/08/2025 16:59:59;0
T.A. AGUARDA LAUDO;T.A. AGUARDA LAUDO;;Sim;23/05/2025 12:34:10;0
T.A. AGUARDA PRAZO ACORDO;T.A. AGUARDA PRAZO ACORDO;;Sim;22/05/2025 16:45:26;0
T.A. AGUARDA PRAZO CEAB;T.A. AGUARDA PRAZO CEAB;;Sim;22/05/2025 17:09:53;0
T.A. AGUARDA PRAZO TRÂNSITO;T.A. AGUARDA PRAZO TRÂNSITO;;Sim;22/05/2025 16:54:49;0
T.A. CEAB REQUISITADA;T.A. CEAB REQUISITADA;;Sim;22/05/2025 16:53:31;0
T.A. CERTIFICAR TRÂNSITO;T.A. CERTIFICAR TRÂNSITO;;Sim;22/05/2025 17:03:20;0
T.A. CITAR LAUDO INCAPAZ;T.A. CITAR LAUDO INCAPAZ;;Sim;22/05/2025 16:34:21;0
T.A. CONCLUIR LAUDO CAPAZ;T.A. CONCLUIR LAUDO CAPAZ;;Sim;30/05/2025 12:03:11;0
T.A. CONCLUIR PARA HOMOLOGAR;T.A. CONCLUIR PARA HOMOLOGAR;;Sim;22/05/2025 16:46:27;0
T.A. CONCLUSO LAUDO CAPAZ;T.A. CONCLUSO LAUDO CAPAZ;;Sim;23/05/2025 16:59:00;0
T.A. CONCLUSO PARA HOMOLOGAR;T.A. CONCLUSO PARA HOMOLOGAR;;Sim;22/05/2025 16:48:46;0
T.A. CUMPRIR SENTENÇA;T.A. CUMPRIR SENTENÇA;;Sim;22/05/2025 17:08:02;0
T.A. DEVOLVIDO CENTRAL PERICIAS;T.A. DEVOLVIDO CENTRAL PERICIAS;;Sim;24/09/2025 16:15:35;0
T.A. EXECUTAR PREVENÇÃO;T.A. EXECUTAR PREVENÇÃO;;Sim;11/03/2025 18:19:39;0
T.A. FLUXO ENCERRADO;T.A. FLUXO ENCERRADO;;Sim;30/05/2025 12:04:31;0
T.A. INTIMAR AUTOR ACORDO;T.A. INTIMAR AUTOR ACORDO;;Sim;22/05/2025 16:42:16;0
T.A. PETIÇÃO INICIAL;T.A. PETIÇÃO INICIAL;;Sim;11/03/2025 18:22:04;0
T.A. PRAZO CITAÇÃO LAUDO INCAPAZ;T.A. PRAZO CITAÇÃO LAUDO INCAPAZ;;Sim;22/05/2025 16:37:25;0
T.A. PRAZO LAUDO CAPAZ;T.A. PRAZO LAUDO CAPAZ;;Sim;30/05/2025 12:05:38;0
T.A. REAUTUAR CUMPRIMENTO SENTENÇA;T.A. REAUTUAR CUMPRIMENTO SENTENÇA;;Sim;22/05/2025 17:06:13;0
T.A. RECEBIDOS LAUDO CAPAZ;T.A. RECEBIDOS LAUDO CAPAZ;;Sim;22/05/2025 14:55:43;0
T.A. RECEBIDOS LAUDO INCAPAZ;T.A. RECEBIDOS LAUDO INCAPAZ;;Sim;22/05/2025 16:33:10;0
T.A. REMETER CENTRAL PERÍCIA;T.A. REMETER CENTRAL PERÍCIA;;Sim;11/03/2025 18:20:45;0
T.A. TRANSITADO EM JULGADO;T.A. TRANSITADO EM JULGADO;;Sim;22/05/2025 17:05:28;0
T.A. VERIFICAR DADOS PREV;T.A. VERIFICAR DADOS PREV;;Sim;11/03/2025 18:18:24;0
T.A.M AGUARDANDO HOMOLOGAÇÃO;T.A.M AGUARDANDO HOMOLOGAÇÃO;;Sim;22/05/2025 16:50:15;0
T.A.M ANALISAR CUMPRIMENTO CEAB;T.A.M ANALISAR CUMPRIMENTO CEAB;;Sim;22/05/2025 17:08:26;0
T.A.M ANALISAR DADOS;T.A.M ANALISAR DADOS;;Sim;11/03/2025 18:20:29;0
T.A.M ANALISAR LAUDO;T.A.M ANALISAR LAUDO;;Sim;11/03/2025 18:23:21;0
T.A.M ANALISAR PETIÇÃO;T.A.M ANALISAR PETIÇÃO;;Sim;11/03/2025 18:17:55;0
T.A.M ANALISAR PRAZO ACORDO;T.A.M ANALISAR PRAZO ACORDO;;Sim;22/05/2025 16:47:01;0
T.A.M ANALISAR PRAZO CITAÇÃO;T.A.M ANALISAR PRAZO CITAÇÃO;;Sim;22/05/2025 16:42:40;0
T.A.M CONFERIR MINUTA HOMOLOGAÇÃO;T.A.M CONFERIR MINUTA HOMOLOGAÇÃO;;Sim;22/05/2025 16:49:15;0
T.A.M DEVOLVIDO CENTRAL PERICIAS;T.A.M DEVOLVIDO CENTRAL PERICIAS;;Sim;03/04/2025 12:45:05;0
T.A.M ERRO CERTIFICAR TRÂNSITO;T.A.M ERRO CERTIFICAR TRÂNSITO;;Sim;22/05/2025 17:04:45;0
T.A.M ERRO CITAR LAUDO INCAPAZ;T.A.M ERRO CITAR LAUDO INCAPAZ;;Sim;22/05/2025 16:41:21;0
T.A.M ERRO CONCLUIR PARA HOMOLOGAR;T.A.M ERRO CONCLUIR PARA HOMOLOGAR;;Sim;22/05/2025 16:49:51;0
T.A.M ERRO INTIMAR ACORDO;T.A.M ERRO INTIMAR ACORDO;;Sim;22/05/2025 16:44:53;0
T.A.M ERRO REAUTUAR CUMPRIMENTO;T.A.M ERRO REAUTUAR CUMPRIMENTO;;Sim;22/05/2025 17:07:23;0
T.A.M ERRO REMESSA CENTRAL;T.A.M ERRO REMESSA CENTRAL;;Sim;11/03/2025 18:22:28;0
T.A.M ERRO REQUISITAR CEAB;T.A.M ERRO REQUISITAR CEAB;;Sim;22/05/2025 16:53:53;0
T.A.M EXECUTAR CONSULTA CNJ;T.A.M EXECUTAR CONSULTA CNJ;;Sim;11/03/2025 18:19:22;0
T.A.M INTIMAÇÃO PESSOAL AUTOR;T.A.M INTIMAÇÃO PESSOAL AUTOR;;Sim;22/05/2025 16:51:26;0
T.A.M PEDIDO TUTELA AUTOR;T.A.M PEDIDO TUTELA AUTOR;;Sim;22/05/2025 15:36:55;0
T.A.M PERICIA CANCELADA;T.A.M PERICIA CANCELADA;;Sim;23/05/2025 12:35:35;0
T.A.M PETIÇÃO APÓS HOMOLOGAÇÃO;T.A.M PETIÇÃO APÓS HOMOLOGAÇÃO;;Sim;22/05/2025 16:55:46;0
T.A.M PETIÇÃO LAUDO CAPAZ;T.A.M PETIÇÃO LAUDO CAPAZ;;Sim;22/05/2025 15:35:44;0
T.A.M PETIÇÃO PRAZO LAUDO CAPAZ;T.A.M PETIÇÃO PRAZO LAUDO CAPAZ;;Sim;22/05/2025 15:42:22;0
T.A.M PROPOSTA REJEITADA;T.A.M PROPOSTA REJEITADA;;Sim;29/09/2025 15:50:59;0
T.A.M REMETER CÁLCULO - NÃO MAPEADO;T.A.M REMETER CÁLCULO - NÃO MAPEADO;;Sim;22/05/2025 17:10:25;0
T.A.M VERIFICAR CURADOR;T.A.M VERIFICAR CURADOR;;Sim;22/05/2025 16:34:59;0
T.A.M VERIFICAR INCLUSÃO MPF;T.A.M VERIFICAR INCLUSÃO MPF;;Sim;22/05/2025 16:35:53;0
T.A.M VERIFICAR PREVENÇÃO;T.A.M VERIFICAR PREVENÇÃO;;Sim;11/03/2025 18:13:51;0
T.A.M VERIFICAR TUTELA REQUERIDA;T.A.M VERIFICAR TUTELA REQUERIDA;;Sim;22/05/2025 16:37:51;0
Tema 1070 STJ;Tema 1070 STJ;TEMA 1070 STJ - Soma das contribuições de atividades concomitantes.;Não;26/05/2021 07:13:38;0
Tema 1083 STJ;Tema 1083 STJ;;Não;20/05/2022 15:01:07;0
Tema 1090 STJ;Tema 1090 STJ;TEMA 1090 STJ - prova da eficácia ou ineficácia do EPI;Não;25/10/2022 14:30:04;0
Tema 616 STF;Tema 616 STF;"TEMA 616 STF - Aplicação do fator previdenciário e da EC 20/98 para filiados até 16/12/98.
";Não;26/05/2021 07:05:45;1
TNU REC;TNU RECEBIDOS;;Sim;19/03/2018 16:55:39;0
TNU REC DILIG;TNU RECEBIDOS DILIGÊNCIA;;Sim;19/03/2018 16:55:39;0
TNU REM;TNU REMETIDOS;;Sim;19/03/2018 16:55:39;0
TRÂNSITO EM JULGADO;TRÂNSITO EM JULGADO;;Sim;19/03/2018 16:55:39;0
TRF-AGRAVO INTERPOSTO;TRF-AGRAVO INTERPOSTO;;Sim;19/03/2018 16:55:39;0
TRF-RECEBIDOS;TRF2-RECEBIDOS;;Sim;19/03/2018 16:55:39;0
TRF-TRÂNSITO;TRF-TRÂNSITO EM JULGADO;;Sim;19/03/2018 16:55:39;0
TRF/TR-BAIXADOS;TRF/TR-BAIXADOS;;Sim;19/03/2018 16:55:39;3
TRF/TR-DECISÃO;TRF/TR-DECISÃO;;Sim;19/03/2018 16:55:39;1
TRF/TR-JULGADOS;TRF/TR-JULGADOS;;Sim;19/03/2018 16:55:39;4
TRF2-REMETIDOS;TRF2-REMETIDOS;;Sim;19/03/2018 16:55:39;0
TRU REC;TRU RECEBIDOS;;Sim;19/03/2018 16:55:39;0
TRU REM;TRU REMETIDOS;;Sim;19/03/2018 16:55:39;0
URGENTE;URGENTE;;Sim;19/03/2018 16:55:39;0
URGENTE JEF;URGENTE JEF;;Sim;19/03/2018 16:55:39;0
VALIDAR PODERES PROC;VALIDAR PODERES DA PROCURAÇÃO;Pedidos de Certidão quanto aos poderes especiais da procuração.;Sim;13/12/2025 08:27:52;0
VERIFICAR;VERIFICAR LOCALIZADOR;;Sim;19/03/2018 16:55:39;0
VERIFICAR ASSUNTO;VERIFICAR ASSUNTO;;Sim;25/03/2022 07:38:45;0
VERIFICAR PARTES;VERIFICAR PARTES;Indica que a parte foi modificada no outro grau.;Sim;19/01/2024 05:10:21;0
VERIFICAR PROCURADOR;VERIFICAR PROCURADOR/ENTIDADE;;Sim;19/03/2018 16:55:39;0
Vista (2.1);Pedido de Vista;;Não;23/09/2021 09:14:28;0
VISTA ADV PROCESSO;VISTA ADV PROCESSO;;Sim;19/03/2018 16:55:39;0
VOTO CONFERIR(Estag);Voto Estagiário;;Não;25/02/2019 17:04:01;0
VOTOS CONF. (FLORES);VOTOS CONFERIDOS;Votos Conferidos pelo Dr. Flores;Não;15/04/2020 18:41:39;0
